id,raw_text,canonical_transliterated,translation,silver_label_v1,silver_confidence_v1,gemini_label,gemini_confidence,gemini_rationale,llama_label,llama_confidence,llama_rationale,adjudicator_decision,adjudicator_notes
1085,arnt ziχn(i)al,arnt ziχn(i)al,,funerary,medium,unsure,high,"The inscription consists of a personal name ('arnt') and a second name in a genitival form ('ziχn(i)al'), which could be a matronymic or cognomen. The classification heavily depends on the object type and findspot, which are unknown ('source tag: other'). Without this context, the text alone could plausibly be funerary (if on an urn) or ownership (if on a portable item). Per the codebook's 'Edge cases and unsure' section, 'a single personal name with no context' must be routed to adjudication.",funerary,medium,"The inscription 'arnt ziχn(i)al' contains a personal name 'arnt' and a genitive form 'ziχn(i)al', suggesting a kinship or possessive relationship, which is common in funerary contexts. The presence of a personal name and a genitive suffix aligns with funerary inscriptions that often include the name of the deceased and their parentage or other relational information. Although the object type and findspot are not specified, the structure of the inscription leans towards a funerary context.",,
1154,miaratiaialtamenei,miaratiaialtamenei,,funerary,medium,ownership,medium,"The inscription begins with the first-person pronoun 'mi' ('I am'), which is characteristic of the Etruscan ownership formula. The following string, 'aratiaialtamenei', is parsed as a personal name in the genitive case. This structure, 'mi' + genitive name, fits the criteria for the 'ownership' class under rule #5 of the decision tree. Confidence is 'medium' rather than 'high' because the object type and findspot are unknown, but the textual evidence for ownership is strong.",unsure,low,"The inscription 'miaratiaialtamenei' is not clearly interpretable with the given transliteration. The presence of 'mi' could suggest an ownership formula, but the rest of the text is unclear and does not directly match any known Etruscan formula or vocabulary from the decision tree.",,
1431,tlesnei(alisa) cumeresa,tlesnei(alisa) cumeresa,,funerary,medium,funerary,medium,"The inscription follows a classic Etruscan funerary naming convention, combining a personal name with a gamonymic kinship formula ('-alisa', meaning 'wife of'). This structure is a primary textual feature of the 'funerary' class as defined by rule 1 of the decision tree, and is analogous to the positive example 'larθia spurinas larisal puia'. Although the object type and find-context are unknown, the linguistic evidence of the kinship formula is a strong diagnostic feature that points specifically to an epitaph over other possibilities.",unsure,low,"The inscription 'tlesnei(alisa) cumeresa' lacks clear context or a known object type, making it difficult to apply the decision tree. The text does not contain obvious funerary, ownership, or dedicatory formulas, and the source tag is 'other', indicating unknown or unspecified origin and object type.",,
14612,a(ise)ra turanuve θaia,a(ise)ra turanuve θaia,,dedicatory,medium,dedicatory,high,"The inscription contains a clear verb of giving, 'turanuve', which is a 3rd person singular preterite form indicating an act of dedication. The recipient is explicitly divine, identified by 'aisera' ('of the gods') and the goddess name 'Turan'. Following the decision tree, the presence of a verb of giving with a divine recipient (Step 2: YES) and the absence of specific votive criteria like a sanctuary findspot or vow formula (Step 3: NO) leads to the classification 'dedicatory' at Step 4.",unsure,low,"The inscription 'a(ise)ra turanuve θaia' contains a verb 'turanuve' which seems related to 'tur-' (gave), suggesting a dedicatory context. However, the text is not well-understood, and the translation is empty. Without more context or a clear understanding of the verb and the names involved, it's difficult to confidently classify it.",,
14785,ramθas tetnial,ramθas tetnial,,funerary,medium,unsure,high,"The inscription consists of a personal name formula, 'ramθas tetnial', likely a praenomen and a patronymic/gentilicium. Without any information about the object it is inscribed on or its find-context (Source tag: 'other'), it is impossible to apply the decision tree. This formula could equally be funerary (on a tomb or urn) or an ownership mark (on a portable object), and the codebook explicitly states to mark cases as 'unsure' when the text is a single personal name with no context.",funerary,medium,"The inscription 'ramθas tetnial' contains a personal name in the genitive form, which is a common feature of funerary inscriptions indicating kinship or possession. The text does not contain explicit kinship or death formulas, but the genitive construction is consistent with funerary contexts. The decision tree's first rule is not fully satisfied due to lack of explicit kinship/death formula, but the genitive form leans towards a funerary interpretation.",,
17313,apolonei,apolonei,,dedicatory,medium,unsure,high,"The inscription consists of a single word, 'apolonei', the dative form of the divine name Apollo, meaning 'to/for Apollo'. While this strongly implies a dedicatory or votive purpose, the text lacks a verb of giving (e.g., 'tur-', 'mulu-') or a specific dedicatory formula as required by decision tree rule #2. As the object type and find-context are unknown, and the text consists of a single name without further context, it falls under the 'unsure' category as per the codebook's rules for handling such cases.",dedicatory,medium,"The inscription 'apolonei' is likely a dative form indicating a dedication to Apollo. The absence of a verb of giving (tur-, mulu-, cer-) or other context makes the classification not entirely certain, but the dative form suggests a dedicatory context. The decision tree branch for dedicatory inscriptions is relevant here.",,
17323,hereklei,hereklei,,dedicatory,medium,unsure,high,"The inscription consists of a single word, 'hereklei', which is the dative form of the name Heracles, meaning 'to/for Heracles'. While this strongly implies a dedication to a deity, it fails to meet the specific criteria of the decision tree. Step 2 requires a verb of giving ('tur-', 'mulu-') or a specific dedicatory formula ('cana', etc.) in addition to the recipient. This text contains only the recipient. Per the codebook's section on 'Edge cases and unsure', an inscription with a single personal name and no context must be marked 'unsure'.",dedicatory,medium,"The inscription 'hereklei' is likely a dative form of the name 'Hercle' (Etruscan form of Hercules), suggesting a dedicatory context. The presence of a theonym in the dative case is a common feature of dedicatory inscriptions. Although the verb is missing, the text implies a gift or dedication to the deity.",,
20405,mi(nvcii),mi(nvcii),,ownership,medium,ownership,high,"The inscription follows the classic Etruscan ownership formula 'mi' + a personal name in the genitive case ('minucii'), meaning 'I am of Minucius'. This pattern is a direct match for branch 5 of the decision tree and is explicitly listed as a positive example for the 'ownership' class in the codebook.",unsure,low,"The inscription 'mi(nvcii)' is too fragmentary and lacks clear context or recognizable Etruscan formula. The presence of 'mi' could suggest an ownership formula, but without further context or a recognizable name, it's impossible to be certain. The text does not clearly fit into any of the defined categories.",,
208,prumaθnal,prumaθnal,,funerary,medium,unsure,high,"The inscription consists of a single word, 'prumaθnal', likely a personal name in a genitive or adjectival form ('of Prumaθna'). The provided metadata ('source tag: other') indicates the object type and find-context are unknown. Without any discriminating formula (e.g., kinship terms for 'funerary', the word 'mi' for 'ownership', a verb of giving for 'dedicatory'), the text alone is insufficient to pass any test in the decision tree (1-8). This case directly matches the codebook's primary example for an 'unsure' classification: 'a single personal name with no context'.",funerary,medium,"The inscription 'prumaθnal' is likely a genitive form indicating a kinship or familial relationship, which is common in funerary contexts. The absence of a verb or explicit dedicatory formula and the presence of a genitive suffix suggest a funerary context, possibly indicating the deceased's lineage or family connection.",,
2171,l(ar)θ veti(al),l(ar)θ veti(al),,funerary,medium,unsure,high,"The inscription consists solely of a personal name, 'l(ar)θ veti(al)', with no additional formulaic language (e.g., a verb of giving, a possession marker like 'mi') to disambiguate its function. Crucially, the object type and find-context are unknown ('Source tag: other'), making it impossible to apply the context-dependent rules of the decision tree (e.g., for 'funerary' or 'boundary'). Per the codebook's 'Edge cases and unsure' section, an inscription that is 'a single personal name with no context' must be routed to adjudication.",funerary,medium,"The inscription 'l(ar)θ veti(al)' is likely funerary due to the presence of a personal name with a patronymic, which is a common formula in Etruscan funerary inscriptions. The text matches the pattern seen in funerary contexts, although the object type and findspot are not specified.",,
2403,selvans(ia)l,selvans(ia)l,,dedicatory,high,boundary,medium,"The inscription consists of a single word, the name of the Etruscan god of boundaries, Selvans, in a genitive/locative case (`selvansl`). According to decision tree rule 6, the name of the specific deity for boundaries is considered 'equivalent boundary-vocabulary' to the explicit term 'tular'. The function is almost certainly to mark a boundary or area placed under the god's protection. Confidence is 'medium' rather than 'high' because the object type and find-context are unknown, and the interpretation relies on the theonym alone.",unsure,low,"The inscription 'selvans(ia)l' is a single genitive form likely referring to a personal name or a deity. Without context or additional information about the object it is inscribed on or its findspot, it is difficult to determine its epigraphic type. The text alone is insufficient to confidently classify it into one of the seven categories.",,
3075,pilunice lautni(al),pilunice lautni(al),,funerary,high,dedicatory,medium,"The inscription contains the word 'pilunice', which displays the common 3rd person preterite active verbal ending '-ce' (cf. 'turce', 'muluvanice'). This ending strongly indicates an act of giving or dedicating. Following the decision tree, the presence of a verb of giving (Rule 2) without evidence of a sanctuary context or vow formula (Rule 3) leads to a 'dedicatory' classification (Rule 4). The name 'lautni(al)' likely identifies the donor or recipient family in the genitive case.",funerary,high,"The inscription 'pilunice lautni(al)' contains the term 'lautni', which is associated with 'freedman' status, a common funerary context. The presence of a personal name and a status indicator suggests a funerary context, as it likely identifies the deceased and their social status. This matches the decision tree's first branch for funerary inscriptions.",,
5037,suθi,suθi,,funerary,high,unsure,high,"The inscription consists of the single word 'suθi' ('tomb'), which is insufficient for a definitive classification. While the vocabulary is funerary, the text lacks the personal name and kinship/death formula required by Rule 1 of the decision tree. Lacking information on the object type or findspot, and with no other diagnostic words, the inscription must be marked 'unsure' as per the codebook's guidelines for single-word texts without determinative context.",funerary,medium,"The term 'suθi' is associated with funerary contexts, as it relates to 'tomb' or 'burial'. The decision tree's first step checks for tomb or grave-good context with personal name and kinship/death formula; while 'suθi' alone doesn't contain a personal name or kinship formula, it is strongly linked to funerary inscriptions. The object type and find context are unknown, but the term itself leans towards a funerary classification.",,
5092,lupuce,lupuce,,funerary,high,funerary,medium,"The inscription consists of the single word 'lupuce', which is a standard and widely-attested Etruscan verb meaning 'is dead' or 'has ceased to be'. This term functions as a 'death formula' which directly triggers Rule 1 of the decision tree. Although information about the object or findspot is missing, the verb itself is so specifically and exclusively sepulchral in its usage that a 'funerary' classification is warranted based on the text alone. Confidence is 'medium' rather than 'high' due to the absence of corroborating object-type evidence.",dedicatory,medium,"The verb 'lupuce' is a verb of giving or dedicating, similar to 'tur-' or 'mulu-', which are characteristic of dedicatory inscriptions. Although the recipient is not specified, the presence of this verb suggests a dedicatory context. The decision tree (rule 2) supports this classification.",,
5237,tuθiu χimθm casθ(n)ialθ lacθ,tuθiu χimθm casθ(n)ialθ lacθ,,dedicatory,medium,funerary,high,"The inscription contains explicit funerary vocabulary, namely `χimθm` ('tomb') and `lacθ` ('in the grave/loculus'), alongside the personal name of the deceased, `casθ(n)ialθ`. This combination directly satisfies rule 1 of the decision tree, identifying the text's purpose as marking a burial site. The funerary context is textually explicit and primary.",unsure,low,"The inscription 'tuθiu χimθm casθ(n)ialθ lacθ' lacks clear context or a known translation, making it difficult to apply the decision tree with confidence. The text does not contain recognizable Etruscan formulas or verbs that would guide classification into one of the defined categories. Without further information on the object or findspot, classification remains uncertain.",,
5423,tenθas avil,tenθas avil,,funerary,high,funerary,high,"The inscription contains the word 'avil' ('year'), a core component of the age-at-death formula exclusively found in Etruscan epitaphs. This element, combined with the personal name in the genitive case ('tenθas'), strongly indicates a funerary context. This matches the first rule of the decision tree, which identifies inscriptions with a personal name and a kinship/death formula as funerary.",unsure,low,The inscription 'tenθas avil' lacks sufficient context to determine its epigraphic type. The text is too short and does not contain a discriminating verb or formula that would allow classification into one of the defined categories. The decision tree cannot be applied confidently with the available information.,,
5430,amce,amce,,legal,high,unsure,high,"The inscription consists of a single word, 'amce' ('was'), with no provided object type or find-context. This lack of information prevents a definitive classification using the decision tree. The word does not match any of the primary formulas (funerary, ownership, boundary, etc.), and while it is a verb, it cannot be classified as dedicatory or votive without a subject, object, or recipient. Per the codebook, inscriptions that are short, lack context, and permit multiple readings must be marked 'unsure'.",dedicatory,medium,"The verb 'amce' is a variant of 'ame', which is a dedicatory formula. Although the text is short and lacks context, the presence of this verb suggests a dedicatory function. The decision tree branch for dedicatory inscriptions (rule 2) is triggered.",,
5511,cuclnies la(utni),cuclnies la(utni),,funerary,medium,unsure,high,"The inscription contains a personal name (`cuclnies`) and a status formula (`lautni`, 'freedman/woman'), which is very common in funerary contexts. However, the codebook requires information about the object (e.g., tomb, urn) or findspot to apply Rule 1 for a `funerary` classification. Without this context, and with no other discriminating features like verbs of giving (Rule 2) or ownership formulas (Rule 5), the inscription cannot be confidently classified and must be routed to adjudication as per the codebook's edge case rules.",ownership,medium,"The inscription 'cuclnies la(utni)' contains a personal name in the genitive form, suggesting possession or relation. The absence of a verb or explicit dedicatory formula and the presence of a genitive personal name aligns with the 'ownership' category, particularly for objects with maker marks or possessive identifiers.",,
6844,it--nturuc----------------------------------------s--,it--nturuc----------------------------------------s--,,dedicatory,medium,dedicatory,medium,"The inscription is highly fragmentary but contains the recognizable verb stem 'turuc-', from 'turuce' ('he/she gave'). According to the decision tree (rule 2), the presence of a verb of giving points toward a dedicatory or votive text. With no evidence for a votive context (rule 3), the inscription is best classified as dedicatory (rule 4), as the verb is the most discriminating feature present.",unsure,low,"The inscription is heavily fragmentary with an intact-token ratio < 0.5, making it impossible to confidently apply the decision tree. The visible portion does not contain a discriminating verb or formula.",,
7045,calisne puial{--------},calisne puial{--------},,funerary,medium,funerary,medium,"The inscription contains the word 'puial', the genitive form of 'puia' (wife). This kinship term is a primary diagnostic feature of funerary epitaphs, as specified in the positive examples for the 'funerary' class in the codebook (e.g., 'larθia spurinas larisal puia'). This satisfies rule 1 of the decision tree on textual grounds. Confidence is medium, not high, because the object type and find-context are unknown, which are key corroborating features for a high-confidence funerary classification.",unsure,low,"The inscription 'calisne puial{--------}' is heavily fragmentary, with a significant portion of the text missing or illegible. The visible portion contains a personal name and a kinship term 'puial', which could suggest a funerary context, but the lack of additional context or a clear formula makes it difficult to determine the epigraphic type with certainty.",,
7770,------svalce------,------svalce------,,funerary,high,funerary,medium,"The inscription is fragmentary but contains the verb 'svalce' ('lived'), which is a diagnostic keyword for a death formula in Etruscan epitaphs, indicating the lifespan of the deceased. This directly triggers the 'death formula' condition of Rule 1. While the personal name and object context are missing due to the fragmentation, the presence of this specific verb is exceptionally strong evidence for a funerary context and fails all subsequent tests in the decision tree.",unsure,low,The inscription is heavily fragmentary with only the verb 'svalce' (lived) partially visible. The decision tree cannot be applied confidently due to the lack of context and intact tokens. The visible portion does not contain a discriminating verb or formula that would allow for a classification into one of the seven epigraphic types.,,
7803,atial zilcti,atial zilcti,,funerary,high,legal,medium,"The classification is based on the presence of 'zilcti', the locative form of the magistracy title 'zilc' (praetor). This phrase, 'atial zilcti', functions as a dating formula ('in the praetorship of Ati'), which is characteristic of official decrees or legal contracts. This aligns with decision tree rule #7, which identifies inscriptions with legal vocabulary. While the text is short and lacks object context, this specific title is a strong indicator of a legal or public document.",funerary,medium,"The inscription 'atial zilcti' contains the term 'zilcti', which is related to a magistracy or office, and 'atial', which could be a kinship term or personal name. The presence of a personal name or kinship term along with a title or office is consistent with funerary inscriptions that often include the name and status of the deceased. The decision tree's first branch is the most relevant, as it deals with tomb or grave-good inscriptions naming the deceased.",,
7868,micavaθa--,micavaθa--,,dedicatory,medium,ownership,medium,"The inscription follows the classic 'mi' + genitive personal name formula ('micavaθa'), meaning 'I am of Cavaθa.' This pattern is a primary positive indicator for the 'ownership' class under step 5 of the decision tree. The confidence is 'medium' rather than 'high' because the object type and find-context are unknown, which could theoretically alter the classification (e.g., if it were on a tomb wall, it would be funerary).",unsure,low,"The inscription 'micavaθa--' is fragmentary and lacks clear context or a complete formula that matches any of the defined epigraphic types. The presence of 'mi' could suggest an ownership or dedicatory formula, but without further context or a verb, it's impossible to determine the label with confidence.",,
8332,mecio a(vloi) (f(ileo)),mecio a(vloi) (f(ileo)),,funerary,medium,funerary,high,"The inscription follows a standard funerary formula, consisting of a personal name ('mecio') followed by a patronymic and filiation marker ('a(vloi) (f(ileo))' for 'son of Avle'). This structure directly matches the criteria in rule 1 of the decision tree and the provided positive examples for the funerary class.",unsure,low,"The inscription 'mecio a(vloi) (f(ileo))' lacks clear context or a verb that could help determine its epigraphic type. The text appears to be a personal name with abbreviations, but without a clear formula or find context, it's difficult to assign a label with confidence. The decision tree cannot be applied effectively due to insufficient information.",,
873,svdernia ar(rvntis),svdernia ar(rvntis),,funerary,medium,funerary,medium,"The inscription follows the classic Etruscan onomastic formula of a personal name ('svdernia') followed by a patronymic in the genitive case ('ar(rvntis)', meaning 'of Arruns'). This structure, which identifies an individual through their parentage, is highly characteristic of funerary epitaphs. Although the object type and find-context are unknown, the presence of a kinship formula strongly suggests a funerary purpose according to decision tree rule #1.",unsure,low,"The inscription 'svdernia ar(rvntis)' lacks sufficient context to determine its epigraphic type. The text is a personal name in the genitive case, but there is no clear indication of the object's type, findspot, or any formula that would tie it to a specific category. Without more information, it's impossible to confidently classify it.",,
8927,alpan vesias,alpan vesias,,votive,high,unsure,high,"The inscription 'alpan vesias' lacks sufficient context for a definitive classification. The object type and findspot are unknown, which is a primary reason to classify as unsure. While 'alpan' is often interpreted as a dedicatory term (""gift"") and 'vesias' is a personal genitive (""of Vesia""), 'alpan' is not one of the specific verbs or formulas listed under rule 2 of the decision tree. The text fails all other specific tests for funerary, ownership, boundary, legal, and commercial inscriptions, leading to the final 'unsure' branch.",dedicatory,medium,"The inscription 'alpan vesias' contains the word 'alpan', which can be related to gift-giving or dedicatory contexts. Although the decision tree does not directly mention 'alpan', the presence of a personal name 'vesias' in the genitive form suggests a possible dedicatory or ownership context. Given the lack of explicit funerary or ownership formulas, and considering the potential dedicatory context, the label 'dedicatory' is chosen.",,
9276,alpnas turce aiseras θuflθicla(s) trutvecie(s),alpnas turce aiseras θuflθicla(s) trutvecie(s),,dedicatory,high,votive,high,"The inscription contains the verb of giving 'turce' and a divine recipient 'aiseras' ('to the gods'), satisfying decision tree step 2. Step 3 is met because the text also includes the term 'trutvecie(s)', which is interpreted as a vow formula, making the inscription specifically votive rather than generally dedicatory.",dedicatory,high,"The inscription contains the verb 'turce', which is a verb of giving, and 'aiser-as', indicating a recipient, likely a deity or person of higher status. This matches the decision tree branch for dedicatory inscriptions. The presence of 'turce' and the dative or accusative form 'aiser-as' strongly supports this classification.",,
9449,mi suθi larθial,mi suθi larθial,,funerary,high,funerary,high,"The inscription contains the key noun 'suθi', meaning 'tomb'. Although the structure 'mi...larθial' resembles an ownership formula, the explicit sepulchral nature of the object named in the text is decisive. Per tie-breaking rule 1 ('Funerary trumps everything else'), this inscription is funerary.",ownership,medium,"The inscription 'mi suθi larθial' contains the possessive formula 'mi' + genitive, which is characteristic of ownership inscriptions. However, 'suθi' is often associated with funerary contexts, making the classification not entirely straightforward. The presence of 'mi' suggests ownership, but the term 'suθi' complicates this, as it typically refers to a tomb or burial context.",,
AS 1.40,[m]i lariśa feleśkenaσ' am[---],[m]i lariśa feleśkenaσ' am[---],,funerary,high,ownership,medium,"The inscription begins with the classic 'mi' + genitive personal name formula ('mi lariśa feleśkenaś'), which is the primary diagnostic for the 'ownership' class under decision tree rule #5. The final word is fragmentary ('am[---]'), which creates some ambiguity as it could potentially be part of a dedicatory verb. However, lacking a complete and clear verb of giving, the prominent and unambiguous possessive formula is the decisive feature.",unsure,low,"The inscription starts with 'mi lariśa feleśkenaσ' am[---]', which could be interpreted in multiple ways due to its fragmentary nature. The presence of 'mi' followed by a personal name in the genitive suggests ownership, but the verb 'am-' is incomplete and could lead to different interpretations. Without more context or a complete verb, it's challenging to confidently assign a label.",,
AS 5.1,aneσ' • caeσ' • puil • hu<p> ni • ei • itruta,aneσ' • caeσ' • puil • hu<p> ni • ei • itruta,,funerary,medium,funerary,high,"The inscription contains a personal name (`aneσ'`) followed by a standard kinship formula: a name in the genitive case (`caeσ'`, 'of Cae') and a kinship term (`puil`, 'wife'). This structure is a hallmark of Etruscan epitaphs and directly matches the positive examples provided for the `funerary` class. The decision tree is satisfied at Rule 1.",unsure,low,"The inscription 'aneσ' • caeσ' • puil • hu<p> ni • ei • itruta' does not clearly match any of the decision tree branches due to its unclear meaning and lack of recognizable Etruscan formulas or vocabulary related to the defined categories. The text is not obviously funerary, dedicatory, or related to ownership, and it lacks key terms associated with legal, boundary, or commercial inscriptions. The presence of 'hu<p>' suggests a potential transcription or reading issue, adding to the uncertainty.",,
AV 6.9,pultuceσi,pultuceσi,,ownership,high,ownership,high,"The inscription is a single word on what is known to be a portable object (an Attic kylix). The word 'pultuceσi' contains a verbal suffix '-ce', typical of maker or artist signatures, meaning 'X made me'. The decision tree's rule 5 directly classifies an inscription on a 'portable utensil with a maker-mark' as 'ownership'.",unsure,low,The inscription 'pultuceσi' is too fragmentary and lacks context to confidently assign a label. The text does not contain a clear verb or formula that matches any of the decision tree branches.,,
At 1.100,[al]eθnas arnθ larisal zilaθ tarχnalθi amce,[al]eθnas arnθ larisal zilaθ tarχnalθi amce,,funerary,high,funerary,high,"The inscription provides the name of the deceased (Arnθ [Al]eθnas), a kinship formula ('larisal', meaning 'of Laris' i.e., son of Laris), and a title of office ('zilaθ', magistrate). This combination of a personal name and a patronymic is a primary characteristic of funerary epitaphs, satisfying Rule 1 of the decision tree. The verb 'amce' ('was') further confirms the text is a commemorative statement about a deceased individual's life.",legal,high,"The inscription contains the term 'zilaθ', which is a title of magistracy, and 'tarχnalθi', suggesting an official or legal context. The verb 'amce' indicates a past state of being or action, often used in legal or official inscriptions. The overall structure and vocabulary align with legal or contractual inscriptions.",,
CIE 247,mi vels tites | mlnanes,mi vels tites | mlnanes,,ownership,medium,dedicatory,high,"The inscription follows the structure 'mi' (I) + personal name (genitive) + verb. The term 'mlnanes' is a recognized variant form of the verb of giving/dedicating (cf. muluvanice). According to the decision tree, the presence of a verb of giving (step 2) and the tie-breaking rule 'Verb > noun' makes this a dedicatory inscription, distinguishing it from a simple ownership formula.",ownership,high,"The inscription 'mi vels tites | mlnanes' follows the 'mi' + genitive of a personal name formula, which is characteristic of ownership inscriptions. The presence of 'mi' and the genitive form indicates possession, aligning with the criteria for ownership. The object type is not specified, but the formula is typical for portable objects or personal items.",,
CIE 2533,frana: peidne: sciria: cencual: sec:,frana: peidne: sciria: cencual: sec:,,funerary,high,funerary,high,"The inscription follows a standard funerary formula, providing a personal name (`frana peidne sciria`) followed by a clear kinship identifier. The phrase `cencual sec` means 'daughter of Cencu', which is a classic matronymic formula used to identify the deceased. This directly satisfies rule 1 of the decision tree.",unsure,low,"The inscription 'frana: peidne: sciria: cencual: sec:' lacks clear indicators for any of the defined epigraphic types. The text does not contain known Etruscan verbs or formulas that would link it directly to one of the categories like funerary, ownership, or dedicatory. Without a clear understanding of the words or the context in which it was found, it's challenging to assign a label with confidence.",,
CIE 2611,putialisa:sec,putialisa:sec,,funerary,high,funerary,high,"The inscription follows the canonical structure of a funerary epitaph, consisting of a personal identifier ('putialisa', likely a gentilicium) and a kinship term ('sec', meaning 'daughter'). This pattern of naming the deceased with their filiation is the primary diagnostic for the `funerary` class, as per rule 1 of the decision tree and its positive examples.",unsure,low,The inscription 'putialisa:sec' is too fragmentary and lacks context to confidently classify it into one of the seven epigraphic types. The text does not contain a clear verb or formula that matches the decision tree criteria for any of the categories.,,
CIE 2635,IMVIV.I IHTVAL MIKIANA MVEQL l.pupuni|lautni|anainis|verus,IMVIV.I IHTVAL MIKIANA MVEQL l.pupuni|lautni|anainis|verus,,funerary,high,funerary,high,"The inscription contains a detailed onomastic formula, 'l.pupuni lautni anainis', identifying an individual by name (Laris Pupuni) and social status as a freedman ('lautni') of the Anai family. This type of extended personal identification formula is characteristic of funerary epitaphs used to name the deceased. This matches rule 1 of the decision tree.",unsure,low,"The inscription is heavily fragmented and contains unclear or unknown terms, making it difficult to apply the decision tree with confidence. The text does not clearly match any of the specific criteria for the given categories, and the translation is not provided.",,
CIE 2847,fasti·tetinei·ps·sec | cicusa,fasti·tetinei·ps·sec | cicusa,,funerary,high,funerary,high,"The inscription follows a standard Etruscan epitaph structure. It contains a personal name, 'fasti tetinei' (Fasti of the Tetina family), followed by the explicit kinship term 'sec' ('daughter'). This combination of a personal name with a kinship formula is a primary diagnostic for funerary inscriptions, as specified in Rule 1 of the decision tree.",unsure,low,"The inscription 'fasti·tetinei·ps·sec | cicusa' lacks clear indicators for any of the defined epigraphic types. The text does not contain known Etruscan verbs or formulas that would categorize it into one of the seven classes. Without additional context or metadata about the object or findspot, it's challenging to assign a confident label.",,
CIE 3029,Tania Uni...,Tania Uni...,,dedicatory,high,dedicatory,high,"The inscription pairs a personal name, 'Tania', with the name of a major deity, 'Uni'. This structure of a mortal donor followed by a divine recipient is highly characteristic of a dedicatory formula, implying a gift to the goddess. Following the decision tree, the presence of a recipient deity (rule 2) and the nature of the gift to a higher status being (rule 4) secures the 'dedicatory' classification, even though the text is fragmentary and the verb of giving is not preserved.",unsure,low,"The inscription 'Tania Uni...' is fragmentary and lacks sufficient context to determine its epigraphic type. The presence of a personal name 'Tania' and a divine name 'Uni' could suggest either a dedicatory or votive context, but without more text or information about the findspot and object type, it's impossible to decide confidently.",,
CIE 312,mi hupnina larθ|acrniś:larθial:felsnal,mi hupnina larθ|acrniś:larθial:felsnal,,ownership,medium,funerary,high,"The inscription follows Rule 1 of the decision tree as it contains two full personal names, each with a clear kinship formula ('acrniś' and 'felsnal', both patronymic/metronymic genitives). This structure is diagnostic for identifying the deceased. Although the text begins with 'mi', which can indicate ownership, the presence of these detailed kinship formulas on what is likely a cinerary cista or grave-good makes the 'funerary' classification definitive, per tie-breaking rule 1.",ownership,high,"The inscription 'mi hupnina larθ|acrniś:larθial:felsnal' contains the formula 'mi' followed by a personal name in the genitive, which is a characteristic ownership formula. The presence of 'mi' with a genitive personal name matches the criteria for ownership inscriptions as per the decision tree (step 5).",,
CIE 48,IMΘI.ΘAΘ.IMΘIΘ MΘI.ΘM.ΘM.ΘIΘ ΘAΘ.ΘV.ΘV.Θ AMΘIΘAΘ.AMΘA.Θ MΘ.ΘΘ.ΘΘ.ΘV.Θ ΘAΘV.ΘM.ΘM.ΘΘ F.Vitesi: calesi cina:es:mestles huΘ:naper lescan letem:Θrui arasa:Θa se:laei:treΘ ΘenΘt:menuaΘa,IMΘI.ΘAΘ.IMΘIΘ MΘI.ΘM.ΘM.ΘIΘ ΘAΘ.ΘV.ΘV.Θ AMΘIΘAΘ.AMΘA.Θ MΘ.ΘΘ.ΘΘ.ΘV.Θ ΘAΘV.ΘM.ΘM.ΘΘ F.Vitesi: calesi cina:es:mestles huΘ:naper lescan letem:Θrui arasa:Θa se:laei:treΘ ΘenΘt:menuaΘa,,legal,high,legal,high,"The inscription, known as the Magliano Lead Disk, is a well-known example of a ritual calendar or sacred law, prescribing offerings to various deities. This aligns perfectly with the 'legal' class description in the codebook, which explicitly includes 'sacred-law tablets' (Decision Tree step 7). The text's complex, prescriptive nature makes 'legal' a much better fit than 'dedicatory', despite the presence of offering-related vocabulary.",unsure,low,"The inscription is heavily fragmentary and does not contain a clear discriminating verb or formula that matches any of the defined categories. The text appears to be a mix of Etruscan letters and words but lacks a clear meaning or context, making it difficult to assign a label with confidence.",,
CIE 50,ΘMΘLSAΘIM ΘIΘSΘ in parte dextra in parte sinistra mi leasies e. .s sp.,ΘMΘLSAΘIM ΘIΘSΘ in parte dextra in parte sinistra mi leasies e. .s sp.,,ownership,low,legal,high,"This inscription is a known excerpt from the Cippus Perusinus (Pe 8.4). The codebook's decision tree explicitly classifies this monument as 'legal' under step 7, citing it as a prime example of a boundary contract whose legal structure dominates its physical form as a cippus. The text itself, with its spatial descriptors ('in parte dextra in parte sinistra'), is part of a complex legal agreement, not a simple boundary marker or ownership claim.",unsure,low,"The inscription is heavily fragmentary and contains non-Etruscan characters or nonsensical sequences ('ΘMΘLSAΘIM ΘIΘSΘ'), making it difficult to apply the decision tree with confidence. The presence of 'mi leasies' could suggest an ownership formula, but the overall text is too corrupt or unintelligible to be certain.",,
CODEX_LL_IX,ara ślafc zec flaχ vacl in crapśti hanipalθi θui ceś zeri nunθeri eθ vacl θeśan tinśi ais cemnac celi huθiś zaθrumiś,ara ślafc zec flaχ vacl in crapśti hanipalθi θui ceś zeri nunθeri eθ vacl θeśan tinśi ais cemnac celi huθiś zaθrumiś,,dedicatory,high,legal,high,"This inscription is a passage from the Liber Linteus Zagrabiensis, a liturgical calendar prescribing religious rites. It satisfies rule 7 of the decision tree, as its content constitutes 'sacred law.' The text contains specific ritual vocabulary (e.g., 'vacl' for libation/rite), invocations to deities ('tinśi'), and a calendrical date ('celi huθiś zaθrumiś'), making it a regulatory religious document rather than a dedication or funerary text.",votive,medium,"The inscription contains the verb 'nunθeri' which could be related to a dedicatory or votive context. The presence of 'θeśan tinśi' (dawn, day or a deity related to it) and 'ais cemnac' (divine beings or gods) suggests a religious context, supporting a votive or dedicatory interpretation. The text is lengthy and complex, but the find context is unknown, making it difficult to be certain.",,
CODEX_LL_VI,ciz vacl θesan flerχva neθśrac hupniś zaθrumiś flerχva neθśrac śuci eiser śic śeuc tuθiu zilci vacl lauχumneti śacnicla θesan hupniś zaθrumiś flerχva neθśrac cilθcvi hupniś zaθrumiś,ciz vacl θesan flerχva neθśrac hupniś zaθrumiś flerχva neθśrac śuci eiser śic śeuc tuθiu zilci vacl lauχumneti śacnicla θesan hupniś zaθrumiś flerχva neθśrac cilθcvi hupniś zaθrumiś,,dedicatory,high,legal,high,"This text is a section of the Liber Linteus Zagrabiensis, a well-known ritual calendar. The decision tree leads to Rule 7, which applies to texts containing 'sacred law'. A ritual calendar prescribing offerings ('flerχva') to deities ('neθśrac') at specific times and under specific magistracies ('zilci') is a prime example of sacred law. While it contains dedicatory elements, the overall structure is prescriptive and regulatory, making 'legal' the most appropriate classification.",votive,high,"The inscription contains the term 'flerχva neθśrac', which is associated with votive offerings, and 'θesan', which could indicate a connection to a deity or a sacred context. The repetition of 'flerχva neθśrac' and the presence of 'śacnicla' (sacred or ritual context) and 'tuθiu zilci' (possibly related to a public or official role) suggest a votive or dedicatory context. The overall structure and vocabulary strongly suggest a votive inscription.",,
CODEX_LL_VII,θezi iχ ciz vacl θesan flerχva neθśrac hupniś zaθrumiś in crapśti ceś θeśan ei śeuc nunθenθ celi huθiś zaθrumiś veiveś trau ciś vacl θeśan tinśi tiurim ais cemnac,θezi iχ ciz vacl θesan flerχva neθśrac hupniś zaθrumiś in crapśti ceś θeśan ei śeuc nunθenθ celi huθiś zaθrumiś veiveś trau ciś vacl θeśan tinśi tiurim ais cemnac,,dedicatory,high,legal,high,"The inscription is a section of the Liber Linteus Zagrabiensis, a well-known ritual calendar. The codebook's decision tree (step 7) explicitly classifies texts containing 'sacred law' as 'legal'. The content, which prescribes a series of offerings (`flerχva`) and rituals (`vacl`) to various deities (`θesan`, `neθśrac`, `tinśi tiurim`), fits the description of a sacred law, a set of religious regulations, rather than a simple personal dedication or votive offering.",votive,high,"The inscription contains the word 'flerχva', which is related to 'fler-', a term associated with offerings or votive contexts. The presence of 'θesan' (day or daylight) and 'tinśi' (related to the divine or Tinia) along with 'vacl' (ritual or offering) and 'nunθenθ' (a verb possibly related to dedicating or offering) suggests a votive or dedicatory context. The overall structure and vocabulary strongly indicate a votive inscription.",,
CODEX_LL_VIII,celi huθiś zaθrumiś iχ nac aχrum flerχva neθśrac hamφeś celi huθiś zaθrumiś vacl trin sians cletram śrenχve nunθeri śpureśtreści enaś,celi huθiś zaθrumiś iχ nac aχrum flerχva neθśrac hamφeś celi huθiś zaθrumiś vacl trin sians cletram śrenχve nunθeri śpureśtreści enaś,,dedicatory,high,legal,high,"This inscription is classified as legal under rule 7 of the decision tree, as it is a prime example of a 'sacred law' text. The text outlines a ritual calendar, specifying offerings ('flerχva') and libations ('vacl') to be made to a deity ('neθśrac') on specific dates ('celi huθiś zaθrumiś'). Its prescriptive and formulaic nature distinguishes it from a simple dedication, placing it firmly in the legal category of religious law.",votive,high,"The inscription contains the verb 'nunθeri' which is related to dedicatory or votive actions, and 'flerχva' which is associated with offerings or votive objects. The repetition of 'celi huθiś zaθrumiś' and the presence of 'neθśrac' (related to deities or the underworld) and 'śpureśtreści' (possibly related to a public or civic context) suggest a ritual or dedicatory context. The overall structure and vocabulary are more specific to votive inscriptions.",,
CODEX_LL_X,vacl aisvale ciś clenar ci avil χiś vinum trau θiś ceś heχz ciś meθlumθ ceś ten θeśan tinśi tiurim ais cemnac,vacl aisvale ciś clenar ci avil χiś vinum trau θiś ceś heχz ciś meθlumθ ceś ten θeśan tinśi tiurim ais cemnac,,funerary,high,legal,high,"The inscription details a complex set of ritual prescriptions, qualifying it as a 'sacred law' under the 'legal' category per the codebook's decision tree (Rule 7). The text includes specific ritual terms ('vacl', 'aisvale'), prescribed offerings ('vinum'), and mentions multiple deities ('θeśan', 'tinśi tiurim'), indicating a formal regulation rather than a simple personal dedication or votive offering.",unsure,low,"The inscription is too long and complex to be classified under a single category with high confidence. It contains multiple clauses and words that could fit different categories, but without a clear indication of its purpose or context.",,
CODEX_PL_INNER,ani lasl θufθ tiń θuf neθ hercle fuflunś mar leθn caθa selva vetsl,ani lasl θufθ tiń θuf neθ hercle fuflunś mar leθn caθa selva vetsl,,dedicatory,high,legal,high,"The inscription consists of a long, structured list of theonyms (divine names), which is characteristic of a ritual or religious text codifying sacred practice. This aligns with the 'sacred-law tablets' example provided for the 'legal' class in the codebook (Decision Tree rule 7). The text lacks funerary formulas, verbs of giving/dedication, ownership formulas, or boundary markers, thus ruling out other categories.",unsure,low,"The inscription contains several divine names (Hercle, Fuflunś, Leθn, Caθa) and other words that could be related to religious or ritual contexts, but it lacks a clear verb of giving or dedicating, and the object type is not specified. The text does not fit neatly into any category due to insufficient context and unclear syntax. The presence of multiple divine names suggests a possible dedicatory or votive context, but without more information, it's impossible to be certain.",,
CODEX_PL_OUTER,tiń cilθ θufθ neθ fuflunś caθa leθn hercle selva turan vetsl lasl uśil cilen uni mac tluscv,tiń cilθ θufθ neθ fuflunś caθa leθn hercle selva turan vetsl lasl uśil cilen uni mac tluscv,,dedicatory,high,legal,high,"This inscription is a systematic list of deities on the Piacenza Liver, a model used for divination. Following the decision tree to step 7, this text is classified as 'legal' because it functions as a 'sacred-law tablet'. It codifies the Etruscan celestial templum, assigning gods to specific regions for the purpose of haruspicy, which is a form of religious or ritual law.",unsure,low,"The inscription contains a list of divine names (fuflunś, leθn, hercle, turan, lasl, uśil, uni) and other words that could be related to ritual or dedicatory contexts. However, the text lacks a clear verb of giving or dedicating, and the object type is not specified. The presence of multiple divine names suggests a religious context, but without more information, it's difficult to determine the exact epigraphic type.",,
Cl 1.1006,vel • fastntru • aθ,vel • fastntru • aθ,,funerary,high,funerary,high,"The inscription contains a personal name ('vel fastntru'). Although it lacks an explicit kinship or death formula, the source identifier 'Cl' (Clusium/Chiusi) and the collection context ('Larth' database of funerary texts) strongly indicate a sepulchral findspot. According to the decision tree's first rule and tie-breaking rule #1 ('Funerary trumps everything else'), the unambiguous sepulchral context makes this a funerary inscription identifying the deceased.",unsure,low,"The inscription 'vel • fastntru • aθ' is too fragmentary and lacks clear context or a recognizable formula from the codebook. The text does not directly match any of the decision tree criteria, and without additional information about the findspot or object type, it's challenging to assign a confident label.",,
Cl 1.147,lθ peθna aθ titial ścire,lθ peθna aθ titial ścire,,funerary,high,funerary,high,"The inscription follows the classic Etruscan onomastic formula for an epitaph: a personal name (`lθ peθna`) followed by a kinship formula (`titial`, a metronymic in the genitive case indicating the mother's family). This structure is a primary positive indicator for the `funerary` class, satisfying rule 1 of the decision tree.",unsure,low,"The inscription 'lθ peθna aθ titial ścire' is not clearly classifiable based on the given text and the decision tree provided. The text does not directly match any of the clear criteria for the epigraphic types listed, and without further context or translation, it's challenging to determine its purpose or category. The presence of personal names or kinship terms is not evident enough to confidently classify it.",,
Cl 1.2513,aθ tiφile palpe pulias,aθ tiφile palpe pulias,,funerary,high,funerary,high,"The inscription follows a standard Etruscan onomastic formula for identifying the deceased, consisting of a personal name ('aθ tiφile palpe') followed by a kinship identifier in the genitive case ('pulias', meaning 'of Pulia', likely indicating parentage or marital status). This structure directly satisfies rule 1 of the decision tree, which identifies funerary inscriptions by the presence of a personal name and a kinship/death formula.",unsure,low,"The inscription 'aθ tiφile palpe pulias' lacks clear context or a known object type, making it difficult to apply the decision tree. The text does not contain obvious funerary, ownership, or dedicatory formulas, and the translation is unknown.",,
Cl 1.314,θana punp naσ lautni θa,θana punp naσ lautni θa,,funerary,high,funerary,high,"The inscription follows a classic funerary formula, naming the deceased ('θana') and providing her social status ('lautni', freedwoman) along with her patron's family name in the genitive ('punpnaś'). This structure directly matches the requirements of rule #1 in the decision tree, as a status formula like 'lautni' functions as a kinship/death formula to identify an individual in a sepulchral context.",unsure,low,The inscription 'θana punp naσ lautni θa' lacks clear context or a decisive formula that matches any of the defined categories directly. The presence of a personal name ('θana') and a term ('lautni') which could indicate social status does not conclusively point to a specific category without further context or understanding of the full text's meaning.,,
Cl 1.324,velia śeianti aθ unatn cumerunia raθum naśa,velia śeianti aθ unatn cumerunia raθum naśa,,funerary,high,funerary,high,"The inscription follows the classic structure of an Etruscan epitaph, beginning with the personal name of the deceased (`velia śeianti`) followed by a clear matronymic kinship formula (`aθ unatn cumerunia`, identifying her mother). This combination of a personal name and a kinship formula directly satisfies Rule 1 of the decision tree for funerary inscriptions.",unsure,low,"The inscription 'velia śeianti aθ unatn cumerunia raθum naśa' does not clearly match any of the decision tree branches due to lack of specific keywords or formulas associated with the defined categories. The text is not a single personal name and contains multiple words, but none directly correspond to the characteristic phrases or verbs of the main categories. Without a clear understanding of the text's meaning or context, it's challenging to assign a confident label.",,
Cm 2.13,mi χuliχna cupe.s. .a.l.θ.r.na.s. .e.i. minipi capi mini θanu,mi χuliχna cupe.s. .a.l.θ.r.na.s. .e.i. minipi capi mini θanu,,ownership,high,ownership,high,"The inscription begins with the classic first-person possessive formula 'mi χuliχna cupe...' ('I am the cup of Chulichna...'). This directly matches decision tree rule #5 for portable objects with possessive identifiers. While the inscription contains additional verbs ('capi', 'θanu'), they are not verbs of giving that would trigger a 'dedicatory' classification, but rather seem to reinforce the possessive claim.",dedicatory,medium,"The inscription contains the verb 'mini θanu', which could be related to the verb 'tur-' or 'mulu-', indicating a gift-giving context. The presence of 'mini' repeated suggests a dedicatory formula. Although the text is not entirely clear, the presence of a verb related to giving leans towards a dedicatory classification.",,
Cm 2.46,mi e.i. mi.n.pi capi mi numar θevru.c.l.na.s. qupe.s. fulu.σ'.la,mi e.i. mi.n.pi capi mi numar θevru.c.l.na.s. qupe.s. fulu.σ'.la,,ownership,high,ownership,high,"The inscription follows the classic 'speaking object' formula, using the first-person pronoun 'mi' ('I am') multiple times. This is followed by personal names in the genitive case ('θevru.c.l.na.s', 'qupe.s'), indicating possession. This pattern directly satisfies rule #5 of the decision tree ('mi' + genitive of a personal name). The absence of a verb of giving or a funerary context prevents classification as dedicatory or funerary.",unsure,low,"The inscription 'mi e.i. mi.n.pi capi mi numar θevru.c.l.na.s. qupe.s. fulu.σ'.la' is highly fragmentary and contains mostly unintelligible or unknown sequences. The presence of 'mi' could suggest an ownership or dedicatory formula, but the rest of the text does not clearly match any known Etruscan formula or vocabulary that would allow a confident classification into one of the seven epigraphic types.",,
Co 3.7,larθia ateinei flereσ matrnσl turce,larθia ateinei flereσ matrnσl turce,,dedicatory,high,votive,high,"The inscription meets the criteria for step 2 of the decision tree, as it contains a verb of giving, 'turce' (from tur-), and a recipient, 'matrnσl' (a mater matuta or similar mother goddess). It then proceeds to step 3, where the presence of the term 'flereś' ('offering', an explicit vow/ex-voto formula) classifies it specifically as votive. This is a classic votive formula: a named individual gives an offering to a deity.",dedicatory,high,"The inscription contains the verb 'turce' (gave) and is associated with a gift to a deity or person of higher status, indicated by the presence of 'flereσ matrnσl', suggesting a dedicatory context. The decision tree branch for dedicatory is triggered by the verb of giving and the presence of a recipient. This matches the criteria for a dedicatory inscription.",,
Cr 3.7,mi spurieisi teiθurnasi aliqu,mi spurieisi teiθurnasi aliqu,,ownership,high,dedicatory,high,"The inscription contains the verb of giving 'aliqu', which places it into the dedicatory branch of the decision tree (rule #2). The names 'spurieisi teiθurnasi' are in a case indicating they are the recipients of the gift. The presence of a verb of giving alongside the pronoun 'mi' makes this a clear case for 'dedicatory' rather than 'ownership', following the 'Verb > noun' tie-breaking rule. The inscription indicates a gift to a person, satisfying rule #4.",ownership,medium,"The inscription starts with 'mi', followed by a genitive personal name, which matches the pattern for ownership inscriptions. The presence of 'mi spurieisi teiθurnasi' suggests a possessive formula, typical of ownership. The word 'aliqu' is not clearly interpretable but does not directly indicate another category.",,
Cr 5.4,laris a[t]ies an cn tamera φurθce,laris a[t]ies an cn tamera φurθce,,funerary,high,funerary,high,"The inscription contains a personal name, 'laris a[t]ies', directly linked with the word 'tamera', a known term for a tomb or chamber. This combination firmly establishes a sepulchral context. Following the decision tree, this satisfies Rule 1, as it is an inscription on a tomb naming the person associated with it. The verb 'φurθce', likely indicating building or furnishing, reinforces this interpretation.",dedicatory,high,"The inscription contains the verb 'φurθce', which is a verb of giving or dedicating, similar to 'tur-' or 'mulu-'. The presence of a personal name 'laris a[t]ies' and the verb suggests a dedicatory context. According to the decision tree, the presence of a verb of giving leads to considering dedicatory or votive labels.",,
ETP 15,[cav]aθas mi seχis ein men[p]e kape mi nunaχ,[cav]aθas mi seχis ein men[p]e kape mi nunaχ,,ownership,high,votive,high,"The inscription contains the verb `nunaχ`, which is a specific term for a vow or offering. According to the decision tree, the presence of a verb of giving (rule 2) and explicit vow language (rule 3) leads to a 'votive' classification. This is considered a more specific category than 'dedicatory' per the codebook's examples.",unsure,low,"The inscription contains several Etruscan words, but the overall meaning is unclear. The presence of 'mi' could suggest ownership or dedicatory formula, but the rest of the text does not clearly fit into any category. The text is not clearly funerary, and there is no clear verb of giving or dedicatory formula.",,
ETP 213,[mi] aranθia lapanas,[mi] aranθia lapanas,,funerary,high,unsure,high,"The inscription '[mi] aranθia lapanas' presents the classic 'mi + genitive' formula ('I am of Aranthia Lapanas'), which directly matches the criteria for 'ownership' under decision tree rule 5. However, the codebook's primary tie-breaking rule states that funerary context trumps textual formulas; if this inscription were on an urn or tomb, it would be classified as 'funerary'. As the object type and find-context are not provided, it is impossible to apply the tie-breaking rules and confidently distinguish between 'ownership' and 'funerary'. Therefore, the evidence is insufficient.",ownership,medium,"The inscription '[mi] aranθia lapanas' follows the 'mi + genitive of a personal name' formula, which is characteristic of ownership inscriptions. The presence of 'mi' suggests a possessive or identificatory statement, typical of ownership labels on portable objects.",,
ETP 239,truφun • peθunus • v • lav lurmicla • turce • xxx • cver,truφun • peθunus • v • lav lurmicla • turce • xxx • cver,,votive,high,dedicatory,high,"The inscription contains the verb 'turce', a form of 'tur-' meaning 'gave'. According to decision tree branch 2, the presence of a verb of giving points towards a dedicatory or votive context. As the recipient appears to be a person ('v lav lurmicla') rather than a deity, and no explicit vow language or sanctuary findspot is indicated, branch 4 correctly classifies this as 'dedicatory'.",votive,high,"The inscription contains the verb 'turce' which is a verb of giving, and the context suggests a votive offering. The presence of a numerical value 'xxx' could indicate a quantity, which is consistent with votive or dedicatory contexts. The decision tree led to 'votive' due to the presence of 'turce' and the likelihood of the object being a votive offering.",,
ETP 253,mi fuflunusra,mi fuflunusra,,dedicatory,high,dedicatory,high,"The inscription follows the structure 'mi' + recipient name. The recipient, 'fuflunusra', is the dative form of the known deity Fufluns, meaning 'for/to Fufluns'. This structure is a clear dedicatory formula to a divine recipient, satisfying decision tree branch #2 and confirmed by branch #4. The dative case distinguishes it from a simple possessive 'ownership' formula, which would use a genitive.",ownership,medium,"The inscription 'mi fuflunusra' follows the 'mi' + genitive of a personal name formula, which is characteristic of ownership inscriptions. The text lacks a verb or other contextual information that might suggest a different classification.",,
ETP 286,luθcval canθiσa l,luθcval canθiσa l,,boundary,high,funerary,high,"The inscription follows a standard Etruscan onomastic formula for the deceased, consisting of a personal name ('luθcval canθiσa') followed by an abbreviated patronymic or avonymic ('l', likely for 'larisal' or similar). This structure is a classic kinship formula used to identify an individual in a sepulchral context. This matches the first rule of the decision tree, as it is a personal name with a kinship formula, making it a funerary epitaph.",unsure,low,"The inscription 'luθcval canθiσa l' lacks clear context or a recognizable formula that matches any of the defined epigraphic types. The text is not sufficient to determine its purpose or the object it is inscribed on, making it difficult to apply the decision tree with confidence.",,
ETP 333,larθ laucies θamequ larecesi ka iseriθesi celeniarasi mini zinece veθur kam arteθi,larθ laucies θamequ larecesi ka iseriθesi celeniarasi mini zinece veθur kam arteθi,,funerary,medium,ownership,high,"The inscription contains the phrase 'mini zinece' ('made me'), which is a classic Etruscan maker's formula. Following the decision tree, the text lacks funerary kinship formulas (rule 1) and verbs of giving/dedicating (rule 2). It satisfies rule 5, which classifies inscriptions on portable objects with a 'maker-mark' as ownership.",dedicatory,high,"The inscription contains the verb 'zinece', which is a verb of giving or dedicating, and 'mini', which is a first-person pronoun often used in dedicatory contexts. The presence of a personal name 'larθ laucies' and the verb 'zinece' suggests a dedicatory formula. The overall structure fits the dedicatory type as per decision tree rule 2.",,
ETP 352,raθs • turmsal velus luvχmsal θusti • θui meθlmθ mu[n]sθ[e]c [ • ] ims • epl macuni • hercles alpan tece iic ei • utta θesca ac • penθa • [-(-)] • hu lave • zilci• laθ ale • nulaθes •,raθs • turmsal velus luvχmsal θusti • θui meθlmθ mu[n]sθ[e]c [ • ] ims • epl macuni • hercles alpan tece iic ei • utta θesca ac • penθa • [-(-)] • hu lave • zilci• laθ ale • nulaθes •,,dedicatory,high,dedicatory,high,"The inscription follows branch 4 of the decision tree. It names a divine recipient, `hercles` (Hercules), and includes the phrase `alpan tece`, which functions as a dedicatory formula indicating a gift ('willingly placed/gave'). This combination of a recipient deity and a verb of giving/placing makes it a clear dedicatory text.",unsure,low,"The inscription is heavily fragmentary and contains multiple possible interpretations, including personal names and potential references to deities (e.g., 'hercles'). The text does not clearly fit into any single category based on the decision tree, and the presence of multiple possible dedicatory or votive elements ('turmsal', 'hercles') alongside other unclear terms makes it difficult to confidently assign a label.",,
ETP 86,mi venelus σ{ }hekuntenas,mi venelus σ{ }hekuntenas,,ownership,medium,unsure,high,"The inscription contains conflicting features, making its classification dependent on the object type and find-context, which are unknown. The text begins with 'mi', the classic possessive formula pointing to 'ownership' (Step 5). However, it also includes a full patronymic ('venelus ...hekuntenas'), a kinship formula typical of 'funerary' inscriptions (Step 1). Per the codebook's tie-breaking rules, if this were on a tomb the label would be 'funerary', but on a portable object it would be 'ownership'. Since this critical context is missing, the text alone permits multiple readings, meeting the criteria for an 'unsure' classification.",ownership,medium,"The inscription 'mi venelus σ{ }hekuntenas' follows the 'mi' + genitive of a personal name formula, which is characteristic of ownership inscriptions. The presence of 'mi' and a personal name in the genitive case aligns with the criteria for ownership as per the decision tree (step 5).",,
Fa 3.1,mi aliqu auvilesi,mi aliqu auvilesi,,ownership,medium,dedicatory,high,"The inscription contains the first-person pronoun 'mi', a verb of giving ('aliqu'), and a recipient in the dative case ('auvilesi', 'to Aule'). This structure satisfies decision tree branch #2. As there is no explicit vow language or confirmed sanctuary findspot, it is classified as dedicatory per branch #4. The presence of the verb 'aliqu' makes it distinct from a simple ownership formula, following the 'verb > noun' tie-breaking rule.",ownership,high,"The inscription 'mi aliqu auvilesi' follows the 'mi' + genitive of a personal name formula, which is characteristic of ownership inscriptions. The presence of 'mi' and a genitive personal name aligns with the criteria for ownership as per the decision tree (step 5).",,
Fa 6.3,mi araθiale ziχuχe,mi araθiale ziχuχe,,ownership,high,ownership,medium,"The inscription is a 'speaking object' formula that identifies the maker: 'mi araθiale ziχuχe' translates to 'Arath wrote/inscribed me'. This functions as a maker's signature. Following the decision tree, this inscription fails rules 1 and 2 as it lacks funerary or dedicatory verbs. It matches the second clause of rule 5, which classifies inscriptions that are a 'maker-mark' as 'ownership'.",dedicatory,high,"The inscription 'mi araθiale ziχuχe' contains the verb 'ziχuχe', which is a verb of making or dedicating. The presence of 'mi' with a verb of giving or dedicating suggests a dedicatory context. According to the decision tree, the presence of a verb of giving (in this case, likely related to 'ziχuχe') indicates a dedicatory inscription.",,
LL 2,nunθenθ • cletram • σrenχve tei • faσei,nunθenθ • cletram • σrenχve tei • faσei,,dedicatory,high,dedicatory,high,"The inscription contains the verb 'nunθenθ' (offered/dedicated), a clear verb of giving. It also specifies a recipient, 'faσei', in the dative case, which is interpreted as a deity. Following the decision tree, the presence of a verb of giving with a recipient (rule #2) leads to a 'dedicatory' classification (rule #4).",unsure,low,"The inscription 'nunθenθ • cletram • σrenχve tei • faσei' does not clearly match any of the defined categories in the decision tree. The text lacks a personal name, kinship formula, or clear dedicatory/votive/legal vocabulary, and the object type is unknown. Without further context or understanding of the vocabulary, it's difficult to assign a label with confidence.",,
LL 6,luθti • raχ • ture • acil,luθti • raχ • ture • acil,,dedicatory,high,dedicatory,high,"The inscription contains the word 'ture', a common form of the Etruscan verb 'tur-' meaning 'to give' or 'to dedicate'. Following the decision tree, the presence of a verb of giving (Rule 2) points towards a dedicatory context. As there is no explicit votive formula or known sanctuary findspot (Rule 3), the inscription is classified as dedicatory (Rule 4), representing a gift.",unsure,low,"The inscription 'luθti • raχ • ture • acil' does not directly match any of the clear criteria outlined in the decision tree. The presence of the verb or verb-like element 'ture' could suggest a dedicatory context if it relates to the verb 'tur-' (gave), but without a clear object or recipient, this is speculative. The text is not clearly funerary, ownership, or another category based on the given information.",,
OA 3.9,cae siprisnies {i} tur ce hercles clen ce χa munis en cae lur χve truta ala alp nina luθs inpa lxχn/a,cae siprisnies {i} tur ce hercles clen ce χa munis en cae lur χve truta ala alp nina luθs inpa lxχn/a,,dedicatory,high,votive,high,"The inscription contains the clear verb of giving 'tur ce' (turce) and names a divine recipient, 'hercles clen' (son of Heracles), satisfying rule 2 of the decision tree. The text also includes specific religious vocabulary such as 'ceχa' (sacred law/rite) and 'luθs' (in the sanctuary/tomb), which constitutes strong evidence of a formal religious act, fulfilling the 'vow language' condition of rule 3. This makes 'votive' a more specific and accurate label than the general 'dedicatory'.",dedicatory,high,"The inscription contains the verb 'tur' which is a verb of giving, and 'hercles' indicating a deity, suggesting a dedicatory context. The presence of 'tur ce' aligns with dedicatory formulas seen in Etruscan inscriptions. The overall structure and content point towards a dedicatory inscription.",,
Pa 4.1,ki • aiser • tinia • ti[---] • sil<v>anz,ki • aiser • tinia • ti[---] • sil<v>anz,,dedicatory,high,boundary,high,"The inscription begins with the deictic pronoun 'ki' ('here') and lists several deities ('aiser', 'tinia', 'sil<v>anz'). This formula is characteristic of a cippus or stone marker delimiting a sacred space. This aligns with rule 6 of the decision tree, as it uses vocabulary equivalent to 'tular' to define a sacred boundary, even without the specific word 'tular' itself.",unsure,low,"The inscription is heavily fragmentary and lacks clear context or a complete verb, making it difficult to apply the decision tree with confidence. The visible text contains divine names or epithets ('aiser', 'tinia') but the overall meaning remains unclear.",,
Pe 3.3,auleσ'i meteliσ ve veśial clenσi cen flereσ tece śanσl tenine tuθineσ χiśulicσ,auleσ'i meteliσ ve veśial clenσi cen flereσ tece śanσl tenine tuθineσ χiśulicσ,,dedicatory,high,dedicatory,high,"The inscription follows the decision tree to step 2, as it contains the key dedicatory noun `flereś` ('offering' or 'statue'), explicitly listed in the codebook. The text records that Aule Meteli (`auleśi meteliś`) set up (`tece`) this object. It is not explicitly votive (step 3), making `dedicatory` (step 4) the correct classification for this honorific gift.",votive,high,"The inscription contains the verb 'cen' and 'flereσ' which is related to offering or dedication, and 'tuθineσ χiśulicσ' suggesting a votive context. The presence of 'flereσ' (offering) and the overall structure indicates a votive dedication. The decision tree branch for votive is matched as it contains vow/ex-voto language.",,
TCa 8,iσ've.i.tule ilu.c.ve .a.pirase leθa.m.su.l. ilucu cuie.s.χu pe.r.pri,iσ've.i.tule ilu.c.ve .a.pirase leθa.m.su.l. ilucu cuie.s.χu pe.r.pri,,dedicatory,high,legal,high,"This inscription is a prescriptional ritual calendar, detailing rites (ilucve) to be performed during a specific month (apirase). According to the codebook's decision tree, this content is classified as 'sacred law,' which falls under the 'legal' category (rule 7). The inscription lacks any features of the higher-priority categories like funerary formulas or verbs of giving.",unsure,low,"The inscription 'iσ've.i.tule ilu.c.ve .a.pirase leθa.m.su.l. ilucu cuie.s.χu pe.r.pri' is heavily fragmentary and does not contain recognizable Etruscan words or formulas that match any of the defined categories in the codebook. The text is not transliterated into standard Etruscan script, making it difficult to apply the decision tree with confidence.",,
Ta 1.35,σ'eθre curunas • velus [ • ] [r]amθa[s] [ • ] avenalc sam man • σuθ[i]θ • arce ...,σ'eθre curunas • velus [ • ] [r]amθa[s] [ • ] avenalc sam man • σuθ[i]θ • arce ...,,funerary,high,funerary,high,"The inscription meets the criteria for rule 1 of the decision tree. The text contains multiple personal names (`curunas`, `velus`, `ramθas`), a clear kinship formula (`avenalc`, meaning 'of his uncle'), and explicit funerary vocabulary (`suθiθ`, meaning 'in the tomb'). This combination of features is definitively characteristic of a funerary inscription.",unsure,low,"The inscription is heavily fragmentary, with multiple lacunae and unclear context. The visible text does not contain a discriminating verb or formula that would allow for a confident classification according to the decision tree.",,
Ta S.8,σ'eθlans uni trepu,σ'eθlans uni trepu,,dedicatory,high,dedicatory,high,"The inscription contains the name of the goddess Uni in the dative case, indicating she is the recipient of an offering. According to the decision tree, the presence of a recipient deity (rule #2) without explicit vow language (rule #3) makes the inscription dedicatory (rule #4). The structure points to a gift to a deity.",unsure,low,"The inscription 'σ'eθlans uni trepu' lacks clear context or a known translation, making it difficult to apply the decision tree. The text does not contain recognizable Etruscan formulas or verbs that would guide classification into one of the defined categories.",,
Vs 7.25,zatlaθ aiθas,zatlaθ aiθas,,funerary,medium,legal,medium,"The inscription contains the term 'zatlaθ', which is understood as a title for a priest or magistrate. This specific term is attested in major Etruscan legal and sacred-law texts, such as the Magliano Lead Disk and the Cippus Perusinus. Following rule 7 of the decision tree, the presence of this legal vocabulary indicates a legal or sacred-law context. The confidence is 'medium' rather than 'high' because the object type and findspot are unknown, which prevents corroboration of the textual evidence.",unsure,low,"The inscription 'zatlaθ aiθas' lacks clear context or a known translation. Without understanding the meaning or the object it is inscribed on, it's impossible to confidently apply the decision tree from the codebook. The text does not directly match any of the specific formulas or vocabulary associated with the defined epigraphic types.",,
Vt 1.58,mi laruσ arianaσ • anaσnieσ klan,mi laruσ arianaσ • anaσnieσ klan,,funerary,high,funerary,high,"The inscription follows the pattern of a funerary epitaph by stating the deceased's name and parentage. The presence of the explicit kinship term 'klan' ('son') is a strong diagnostic feature for this class, as per the codebook's examples ('vel matunas larisal clan'). This matches rule #1 in the decision tree. Although the inscription starts with 'mi' (an ownership formula), tie-breaking rule #1 states that funerary indicators like kinship formulas trump all other considerations.",ownership,medium,"The inscription starts with 'mi', followed by a personal name in the genitive, which is a common formula for ownership inscriptions. The presence of 'mi' + genitive suggests ownership, and there's no clear evidence of a verb of giving or other formula that would suggest a different category.",,
Vt 4.2,θuσuθur σelaśva θlu θupit aisece tati,θuσuθur σelaśva θlu θupit aisece tati,,dedicatory,high,legal,high,"The inscription follows the structure of a 'lex sacra' or sacred law. The verb 'θupit' (he/she placed/established) combined with the dative/locative 'aisece' (for/at the gods) strongly indicates a religious prescription or regulation. Following the decision tree, this falls under step 7, which explicitly includes 'sacred law' as a type of legal text. It is not dedicatory as it lacks the specific verbs of giving, and it is not a boundary marker.",unsure,low,"The inscription 'θuσuθur σelaśva θlu θupit aisece tati' does not clearly match any of the decision tree branches due to lack of recognizable Etruscan words or formulas that directly correspond to the categories defined in the codebook. The text is not obviously funerary, ownership, dedicatory, votive, legal, boundary, or commercial based on the provided transliteration and the absence of a translation. The text appears to be in Etruscan script but its meaning or context is unclear.",,
